﻿{
    "Name": "MechResizer",
    "Enabled": true,

    "Version": "1.0.0",

    "Author": "janxious",
    "Website": "https://github.com/janxious/MechResizer",

    "DLL": "MechResizer.dll",
    "DLLEntryPoint": "MechResizer.MechResizer.Init",
    "DependsOn": [],
    "ConflictsWith": [],

    "Settings": {
      "defaultMechSizeMultiplier": 0.9,
      "defaultVehicleSizeMultiplier": 1,
      "defaultTurretSizeMultiplier": 1,
      "defaultProjectileSizeMultiplier": 1,
      "mechSizePrefabMultipliers": {},
      "vehicleSizePrefabMultipliers": {},
      "turretSizePrefabMultipliers": {},
      "projectileSizePrefabMultipliers": {},

      "debug": false
    }
}
